plant_name,scan_nb,image_nb,voxel_size,session,pathname
1-fs-08,living,750,0.00700538,Session1,/Volumes/PERL/invites/Session1/Living_plants/Analyzed/1_Fs_08/slice00750.tif
1-fs-09,living,749,0.00700535,Session1,/Volumes/PERL/invites/Session1/Living_plants/Analyzed/1_Fs_09/slice00749.tif
1-fs-10,living,765,0.0070053,Session1,/Volumes/PERL/invites/Session1/Living_plants/Analyzed/1_Fs_10/slice00765.tif
1-fs-11,living,764,0.007005,Session1,/Volumes/PERL/invites/Session1/Living_plants/Analyzed/1_Fs_11/slice00764.tif
1-fs-12,living,740,0.00700497,Session1,/Volumes/PERL/invites/Session1/Living_plants/Analyzed/1_Fs_12/slice00740.tif
1-qi-11,living,751,0.00700528,Session1,/Volumes/PERL/invites/Session1/Living_plants/Analyzed/1_Qi_11/slice00751.tif
1-qp-07,living,760,0.00799,Session1,/Volumes/PERL/invites/Session1/Living_plants/Analyzed/1_Qp_07/slice00760.tif
1-qp-08,living,774,0.00799011,Session1,/Volumes/PERL/invites/Session1/Living_plants/Analyzed/1_Qp_08/slice00774.tif
1-qp-09,living,774,0.00799001,Session1,/Volumes/PERL/invites/Session1/Living_plants/Analyzed/1_Qp_09/slice00774.tif
1-qp-10,living,743,0.00700507,Session1,/Volumes/PERL/invites/Session1/Living_plants/Analyzed/1_Qp_10/slice00743.tif
1-qp-11,living,743,0.00798992,Session1,/Volumes/PERL/invites/Session1/Living_plants/Analyzed/1_Qp_11/slice00743.tif
1-qp-12,living,740,0.00700537,Session1,/Volumes/PERL/invites/Session1/Living_plants/Analyzed/1_Qp_12/slice00740.tif
2-fs-07,living,563,0.00700493,Session1,/Volumes/PERL/invites/Session1/Living_plants/Analyzed/2_Fs_07/slice00563.tif
2-fs-08,living,823,0.00700548,Session1,/Volumes/PERL/invites/Session1/Living_plants/Analyzed/2_Fs_08/slice00823.tif
2-fs-09,living,742,0.00700541,Session1,/Volumes/PERL/invites/Session1/Living_plants/Analyzed/2_Fs_09/slice00742.tif
2-fs-10,living,752,0.007005,Session1,/Volumes/PERL/invites/Session1/Living_plants/Analyzed/2_Fs_10/slice00752.tif
2-fs-11,living,797,0.00700481,Session1,/Volumes/PERL/invites/Session1/Living_plants/Analyzed/2_Fs_11/slice00797.tif
2-qi-07,living,763,0.00701021,Session1,/Volumes/PERL/invites/Session1/Living_plants/Analyzed/2_Qi_07/slice00763.tif
2-qi-09,living,710,0.00700498,Session1,/Volumes/PERL/invites/Session1/Living_plants/Analyzed/2_Qi_09/slice00710.tif
2-qi-11,living,752,0.00701006,Session1,/Volumes/PERL/invites/Session1/Living_plants/Analyzed/2_Qi_11/slice00752.tif
2-qp-08,living,751,0.00700564,Session1,/Volumes/PERL/invites/Session1/Living_plants/Analyzed/2_Qp_08/slice00751.tif
2-qp-09,living,754,0.00799002,Session1,/Volumes/PERL/invites/Session1/Living_plants/Analyzed/2_Qp_09/slice00754.tif
2-qp-10,living,758,0.00799016,Session1,/Volumes/PERL/invites/Session1/Living_plants/Analyzed/2_Qp_10/slice00758.tif
2-qp-12,living,477,0.00799024,Session1,/Volumes/PERL/invites/Session1/Living_plants/Analyzed/2_Qp_12/slice00477.tif
3-fs-07,living,750,0.0070055000000000004,Session1,/Volumes/PERL/invites/Session1/Living_plants/Analyzed/3_Fs_07/slice00750.tif
3-fs-08,living,760,0.00700303,Session1,/Volumes/PERL/invites/Session1/Living_plants/Analyzed/3_Fs_08/slice00760.tif
3-fs-10,living,751,0.0070052,Session1,/Volumes/PERL/invites/Session1/Living_plants/Analyzed/3_Fs_10/slice00751.tif
3-fs-11,living,763,0.00700574,Session1,/Volumes/PERL/invites/Session1/Living_plants/Analyzed/3_Fs_11/slice00763.tif
3-fs-12,living,745,0.00700537,Session1,/Volumes/PERL/invites/Session1/Living_plants/Analyzed/3_Fs_12/slice00745.tif
3-qi-07,living,742,0.00700939,Session1,/Volumes/PERL/invites/Session1/Living_plants/Analyzed/3_Qi_07/slice00742.tif
3-qi-08,living,718,0.00700971,Session1,/Volumes/PERL/invites/Session1/Living_plants/Analyzed/3_Qi_08/slice00718.tif
3-qi-09,living,729,0.00700956,Session1,/Volumes/PERL/invites/Session1/Living_plants/Analyzed/3_Qi_09/slice00729.tif
3-qi-10,living,843,0.00700977,Session1,/Volumes/PERL/invites/Session1/Living_plants/Analyzed/3_Qi_10/slice00843.tif
3-qi-11,living,756,0.00700506,Session1,/Volumes/PERL/invites/Session1/Living_plants/Analyzed/3_Qi_11/slice00756.tif
3-qi-12,living,730,0.00700517,Session1,/Volumes/PERL/invites/Session1/Living_plants/Analyzed/3_Qi_12/slice00730.tif
3-qp-09,living,744,0.00799038,Session1,/Volumes/PERL/invites/Session1/Living_plants/Analyzed/3_Qp_09/slice00744.tif
3-qp-10,living,541,0.00799036,Session1,/Volumes/PERL/invites/Session1/Living_plants/Analyzed/3_Qp_10/slice00541.tif
3-qp-11,living,766,0.00799008,Session1,/Volumes/PERL/invites/Session1/Living_plants/Analyzed/3_Qp_11/slice00766.tif
4-fs-07,living,748,0.00700617,Session1,/Volumes/PERL/invites/Session1/Living_plants/Analyzed/4_Fs_07/slice00748.tif
4-fs-08,living,790,0.00700611,Session1,/Volumes/PERL/invites/Session1/Living_plants/Analyzed/4_Fs_08/slice00790.tif
4-fs-09,living,755,0.00700562,Session1,/Volumes/PERL/invites/Session1/Living_plants/Analyzed/4_Fs_09/slice00755.tif
4-fs-10,living,763,0.00700563,Session1,/Volumes/PERL/invites/Session1/Living_plants/Analyzed/4_Fs_10/slice00763.tif
4-fs-11,living,753,0.00700517,Session1,/Volumes/PERL/invites/Session1/Living_plants/Analyzed/4_Fs_11/slice00753.tif
4-fs-12,living,713,0.00700494,Session1,/Volumes/PERL/invites/Session1/Living_plants/Analyzed/4_Fs_12/slice00713.tif
4-qi-07,living,741,0.007004600000000001,Session1,/Volumes/PERL/invites/Session1/Living_plants/Analyzed/4_Qi_07/slice00741.tif
4-qi-09,living,791,0.00700523,Session1,/Volumes/PERL/invites/Session1/Living_plants/Analyzed/4_Qi_09/slice00791.tif
4-qi-11,living,757,0.00700509,Session1,/Volumes/PERL/invites/Session1/Living_plants/Analyzed/4_Qi_11/slice00757.tif
4-qp-07,living,765,0.00799022,Session1,/Volumes/PERL/invites/Session1/Living_plants/Analyzed/4_Qp_07/slice00765.tif
4-qp-08,living,750,0.00798988,Session1,/Volumes/PERL/invites/Session1/Living_plants/Analyzed/4_Qp_08/slice00750.tif
4-qp-09,living,715,0.00799029,Session1,/Volumes/PERL/invites/Session1/Living_plants/Analyzed/4_Qp_09/slice00715.tif
4-qp-10,living,754,0.00799016,Session1,/Volumes/PERL/invites/Session1/Living_plants/Analyzed/4_Qp_10/slice00754.tif
4-qp-11,living,762,0.00798998,Session1,/Volumes/PERL/invites/Session1/Living_plants/Analyzed/4_Qp_11/slice00762.tif
4-qp-12,living,749,0.00799014,Session1,/Volumes/PERL/invites/Session1/Living_plants/Analyzed/4_Qp_12/slice00749.tif
5-fs-07,living,760,0.00700508,Session1,/Volumes/PERL/invites/Session1/Living_plants/Analyzed/5_Fs_07/slice00760.tif
5-fs-09,living,751,0.00700564,Session1,/Volumes/PERL/invites/Session1/Living_plants/Analyzed/5_Fs_09/slice00751.tif
5-fs-10,living,769,0.00700544,Session1,/Volumes/PERL/invites/Session1/Living_plants/Analyzed/5_Fs_10/slice00769.tif
5-qi-07,living,1155,0.00700497,Session1,/Volumes/PERL/invites/Session1/Living_plants/Analyzed/5_Qi_07/slice01155.tif
5-qi-08,living,874,0.00700528,Session1,/Volumes/PERL/invites/Session1/Living_plants/Analyzed/5_Qi_08/slice00874.tif
5-qi-09,living,753,0.00700502,Session1,/Volumes/PERL/invites/Session1/Living_plants/Analyzed/5_Qi_09/slice00753.tif
5-qi-10,living,762,0.00700502,Session1,/Volumes/PERL/invites/Session1/Living_plants/Analyzed/5_Qi_10/slice00762.tif
5-qi-11,living,738,0.00700516,Session1,/Volumes/PERL/invites/Session1/Living_plants/Analyzed/5_Qi_11/slice00738.tif
5-qi-12,living,768,0.00700509,Session1,/Volumes/PERL/invites/Session1/Living_plants/Analyzed/5_Qi_12/slice00768.tif
5-qp-07,living,759,0.00799003,Session1,/Volumes/PERL/invites/Session1/Living_plants/Analyzed/5_Qp_07/slice00759.tif
5-qp-08,living,747,0.00799002,Session1,/Volumes/PERL/invites/Session1/Living_plants/Analyzed/5_Qp_08/slice00747.tif
5-qp-09,living,355,0.00799042,Session1,/Volumes/PERL/invites/Session1/Living_plants/Analyzed/5_Qp_09/slice00355.tif
5-qp-10,living,758,0.00799015,Session1,/Volumes/PERL/invites/Session1/Living_plants/Analyzed/5_Qp_10/slice00758.tif
5-qp-11,living,748,0.00799003,Session1,/Volumes/PERL/invites/Session1/Living_plants/Analyzed/5_Qp_11/slice00748.tif
5-qp-12,living,761,0.00798999,Session1,/Volumes/PERL/invites/Session1/Living_plants/Analyzed/5_Qp_12/slice00761.tif
6-fs-07,living,742,0.00700527,Session1,/Volumes/PERL/invites/Session1/Living_plants/Analyzed/6_Fs_07/slice00742.tif
6-fs-08,living,759,0.00700511,Session1,/Volumes/PERL/invites/Session1/Living_plants/Analyzed/6_Fs_08/slice00759.tif
6-fs-09,living,743,0.00700586,Session1,/Volumes/PERL/invites/Session1/Living_plants/Analyzed/6_Fs_09/slice00743.tif
6-fs-10,living,818,0.00700545,Session1,/Volumes/PERL/invites/Session1/Living_plants/Analyzed/6_Fs_10/slice00818.tif
6-fs-11,living,764,0.00700553,Session1,/Volumes/PERL/invites/Session1/Living_plants/Analyzed/6_Fs_11/slice00764.tif
6-fs-12,living,796,0.00700345,Session1,/Volumes/PERL/invites/Session1/Living_plants/Analyzed/6_Fs_12/slice00796.tif
6-qi-08,living,820,0.00700505,Session1,/Volumes/PERL/invites/Session1/Living_plants/Analyzed/6_Qi_08/slice00820.tif
6-qi-12,living,721,0.00700514,Session1,/Volumes/PERL/invites/Session1/Living_plants/Analyzed/6_Qi_12/slice00721.tif
6-qp-07,living,751,0.00799043,Session1,/Volumes/PERL/invites/Session1/Living_plants/Analyzed/6_Qp_07/slice00751.tif
6-qp-09,living,763,0.00700517,Session1,/Volumes/PERL/invites/Session1/Living_plants/Analyzed/6_Qp_09/slice00763.tif
6-qp-10,living,789,0.00798802,Session1,/Volumes/PERL/invites/Session1/Living_plants/Analyzed/6_Qp_10/slice00789.tif
6-qp-12,living,766,0.00799008,Session1,/Volumes/PERL/invites/Session1/Living_plants/Analyzed/6_Qp_12/slice00766.tif
1-fs-08,flushed,311,0.00450003,Session1,/Volumes/PERL/invites/Session1/Flushed_samples/Analyzed/1-fs-08/slice00311.tif
1-fs-09,flushed,721,0.00449999,Session1,/Volumes/PERL/invites/Session1/Flushed_samples/Analyzed/1_Fs_09/slice00721.tif
1-fs-10,flushed,718,0.00388889,Session1,/Volumes/PERL/invites/Session1/Flushed_samples/Analyzed/1_Fs_10/slice00718.tif
1-fs-11,flushed,760,0.00449998,Session1,/Volumes/PERL/invites/Session1/Flushed_samples/Analyzed/1_Fs_11/slice00760.tif
1-fs-12,flushed,172,0.00449998,Session1,/Volumes/PERL/invites/Session1/Flushed_samples/Analyzed/1_Fs_12/slice00172.tif
1-qi-11,flushed,718,0.0045,Session1,/Volumes/PERL/invites/Session1/Flushed_samples/Analyzed/1_Qi_11/slice00718.tif
1-qp-07,flushed,761,0.00449999,Session1,/Volumes/PERL/invites/Session1/Flushed_samples/Analyzed/1_Qp_07/slice00761.tif
1-qp-08,flushed,752,0.00450002,Session1,/Volumes/PERL/invites/Session1/Flushed_samples/Analyzed/1-qp-08/slice00752.tif
1-qp-09,flushed,778,0.00388898,Session1,/Volumes/PERL/invites/Session1/Flushed_samples/Analyzed/1_Qp_09/slice00778.tif
1-qp-10,flushed,762,0.00450002,Session1,/Volumes/PERL/invites/Session1/Flushed_samples/1_Qp_10/slice00762.tif
1-qp-11,flushed,786,0.00367323,Session1,/Volumes/PERL/invites/Session1/Flushed_samples/Analyzed/1_Qp_11/slice00786.tif
1-qp-12,flushed,746,0.00367317,Session1,/Volumes/PERL/invites/Session1/Flushed_samples/Analyzed/1_Qp_12/slice00746.tif
2-fs-07,flushed,744,0.00449991,Session1,/Volumes/PERL/invites/Session1/Flushed_samples/Analyzed/2_Fs_07_dry/slice00744.tif
2-fs-08,flushed,751,0.004500100000000001,Session1,/Volumes/PERL/invites/Session1/Flushed_samples/Analyzed/2_Fs_08/slice00751.tif
2-fs-09,flushed,708,0.00395315,Session1,/Volumes/PERL/invites/Session1/Flushed_samples/Analyzed/2_Fs_09/slice00708.tif
2-fs-10,flushed,760,0.00450025,Session1,/Volumes/PERL/invites/Session1/Flushed_samples/Analyzed/2_Fs_10/slice00760.tif
2-fs-11,flushed,1144,0.00449992,Session1,/Volumes/PERL/invites/Session1/Flushed_samples/Analyzed/2_Fs_11/slice01144.tif
2-qi-07,flushed,1252,0.00700672,Session1,/Volumes/PERL/invites/Session1/Flushed_samples/Analyzed/2_Qi_07_dry/slice01252.tif
2-qi-09,flushed,795,0.00450002,Session1,/Volumes/PERL/invites/Session1/Flushed_samples/Analyzed/2_Qi_09/slice00795.tif
2-qi-11,flushed,777,0.00449998,Session1,/Volumes/PERL/invites/Session1/Flushed_samples/Analyzed/2_Qi_11/slice00777.tif
2-qp-08,flushed,760,0.00450002,Session1,/Volumes/PERL/invites/Session1/Flushed_samples/Analyzed/2_Qp_08/slice00760.tif
2-qp-09,flushed,918,0.0039533,Session1,/Volumes/PERL/invites/Session1/Flushed_samples/Analyzed/2_Qp_09/slice00918.tif
2-qp-10,flushed,748,0.00450001,Session1,/Volumes/PERL/invites/Session1/Flushed_samples/Analyzed/2_Qp_10_dry/slice00748.tif
2-qp-12,flushed,760,0.00449998,Session1,/Volumes/PERL/invites/Session1/Flushed_samples/Analyzed/2_Qp_12/slice00760.tif
3-fs-07,flushed,959,0.0036731999999999997,Session1,/Volumes/PERL/invites/Session1/Flushed_samples/Analyzed/3_Fs_07/slice00959.tif
3-fs-08,flushed,783,0.00450017,Session1,/Volumes/PERL/invites/Session1/Flushed_samples/Analyzed/3_Fs_08/slice00783.tif
3-fs-10,flushed,749,0.00388887,Session1,/Volumes/PERL/invites/Session1/Flushed_samples/Analyzed/3_Fs_10/slice00749.tif
3-fs-11,flushed,1000,0.00388897,Session1,/Volumes/PERL/invites/Session1/Flushed_samples/Analyzed/3_Fs_11/slice01000.tif
3-fs-12,flushed,769,0.00450009,Session1,/Volumes/PERL/invites/Session1/Flushed_samples/Analyzed/3_Fs_12/slice00769.tif
3-qi-07,flushed,763,0.00449995,Session1,/Volumes/PERL/invites/Session1/Flushed_samples/Analyzed/3_Qi_07_dry/slice00763.tif
3-qi-08,flushed,758,0.00449998,Session1,/Volumes/PERL/invites/Session1/Flushed_samples/Analyzed/3_Qi_08_dry/slice00758.tif
3-qi-09,flushed,800,0.00449999,Session1,/Volumes/PERL/invites/Session1/Flushed_samples/Analyzed/3_Qi_09/slice00800.tif
3-qi-10,flushed,799,0.00450002,Session1,/Volumes/PERL/invites/Session1/Flushed_samples/Analyzed/3-qi-10/slice00799.tif
3-qi-11,flushed,832,0.00449998,Session1,/Volumes/PERL/invites/Session1/Flushed_samples/Analyzed/3_Qi_11/slice00832.tif
3-qi-12,flushed,788,0.00450012,Session1,/Volumes/PERL/invites/Session1/Flushed_samples/Analyzed/3_Qi_12/slice00788.tif
3-qp-09,flushed,747,0.00700689,Session1,/Volumes/PERL/invites/Session1/Flushed_samples/Analyzed/3_Qp_09_dry/slice00747.tif
3-qp-10,flushed,715,0.00700682,Session1,/Volumes/PERL/invites/Session1/Flushed_samples/Analyzed/3_Qp_10_dry/slice00715.tif
3-qp-11,flushed,871,0.00449993,Session1,/Volumes/PERL/invites/Session1/Flushed_samples/Analyzed/3_Qp_11/slice00871.tif
4-fs-07,flushed,780,0.00388895,Session1,/Volumes/PERL/invites/Session1/Flushed_samples/Analyzed/4_Fs_07/slice00780.tif
4-fs-08,flushed,940,0.0038889000000000003,Session1,/Volumes/PERL/invites/Session1/Flushed_samples/Analyzed/4-fs-08/slice00940.tif
4-fs-09,flushed,796,0.00388899,Session1,/Volumes/PERL/invites/Session1/Flushed_samples/4-fs-09/slice00796.tif
4-fs-10,flushed,714,0.00450014,Session1,/Volumes/PERL/invites/Session1/Flushed_samples/Analyzed/4-fs-10/slice00714.tif
4-fs-11,flushed,768,0.00450012,Session1,/Volumes/PERL/invites/Session1/Flushed_samples/Analyzed/4_Fs_11/slice00768.tif
4-fs-12,flushed,839,0.0045,Session1,/Volumes/PERL/invites/Session1/Flushed_samples/Analyzed/4_Fs_12/slice00839.tif
4-qi-07,flushed,752,0.0045,Session1,/Volumes/PERL/invites/Session1/Flushed_samples/Analyzed/4_Qi_07_dry/slice00752.tif
4-qi-09,flushed,729,0.00450015,Session1,/Volumes/PERL/invites/Session1/Flushed_samples/Analyzed/4_Qi_09/slice00729.tif
4-qi-11,flushed,768,0.00450025,Session1,/Volumes/PERL/invites/Session1/Flushed_samples/Analyzed/4_Qi_11/slice00768.tif
4-qp-07,flushed,766,0.00449983,Session1,/Volumes/PERL/invites/Session1/Flushed_samples/Analyzed/4-qp-07/slice00766.tif
4-qp-08,flushed,775,0.00450004,Session1,/Volumes/PERL/invites/Session1/Flushed_samples/Analyzed/4_Qp_08/slice00775.tif
4-qp-09,flushed,771,0.00450022,Session1,/Volumes/PERL/invites/Session1/Flushed_samples/Analyzed/4_Qp_09/slice00771.tif
4-qp-10,flushed,762,0.00449998,Session1,/Volumes/PERL/invites/Session1/Flushed_samples/Analyzed/4_Qp_10/slice00762.tif
4-qp-11,flushed,797,0.00450002,Session1,/Volumes/PERL/invites/Session1/Flushed_samples/Analyzed/4_Qp_11/slice00797.tif
4-qp-12,flushed,753,0.00449999,Session1,/Volumes/PERL/invites/Session1/Flushed_samples/Analyzed/4_Qp_12/slice00753.tif
5-fs-07,flushed,762,0.0038889000000000003,Session1,/Volumes/PERL/invites/Session1/Flushed_samples/Analyzed/5_Fs_07/slice00762.tif
5-fs-09,flushed,306,0.00450003,Session1,/Volumes/PERL/invites/Session1/Flushed_samples/Analyzed/5_Fs_09/slice00306.tif
5-fs-10,flushed,746,0.00449996,Session1,/Volumes/PERL/invites/Session1/Flushed_samples/Analyzed/5_Fs_10_dry/slice00746.tif
5-qi-07,flushed,743,0.00450006,Session1,/Volumes/PERL/invites/Session1/Flushed_samples/Analyzed/5-qi-07/slice00743.tif
5-qi-08,flushed,830,0.00450006,Session1,/Volumes/PERL/invites/Session1/Flushed_samples/Analyzed/5_Qi_08/slice00830.tif
5-qi-09,flushed,762,0.00450001,Session1,/Volumes/PERL/invites/Session1/Flushed_samples/Analyzed/5-qi-09/slice00762.tif
5-qi-10,flushed,831,0.00450006,Session1,/Volumes/PERL/invites/Session1/Flushed_samples/Analyzed/5_Qi_10/slice00831.tif
5-qi-11,flushed,790,0.00700682,Session1,/Volumes/PERL/invites/Session1/Flushed_samples/Analyzed/5_Qi_11_dry/slice00790.tif
5-qi-12,flushed,761,0.00450004,Session1,/Volumes/PERL/invites/Session1/Flushed_samples/Analyzed/5_Qi_12/slice00761.tif
5-qp-07,flushed,744,0.00449989,Session1,/Volumes/PERL/invites/Session1/Flushed_samples/Analyzed/5_Qp_07_dry/slice00744.tif
5-qp-08,flushed,757,0.00450002,Session1,/Volumes/PERL/invites/Session1/Flushed_samples/Analyzed/5_Qp_08/slice00757.tif
5-qp-09,flushed,779,0.00449996,Session1,/Volumes/PERL/invites/Session1/Flushed_samples/Analyzed/5-qp-09/slice00779.tif
5-qp-10,flushed,815,0.0045,Session1,/Volumes/PERL/invites/Session1/Flushed_samples/Analyzed/5_Qp_10/slice00815.tif
5-qp-11,flushed,741,0.00450001,Session1,/Volumes/PERL/invites/Session1/Flushed_samples/Analyzed/5-qp-11/slice00741.tif
5-qp-12,flushed,789,0.00450018,Session1,/Volumes/PERL/invites/Session1/Flushed_samples/Analyzed/5_Qp_12/slice00789.tif
6-fs-07,flushed,759,0.00450004,Session1,/Volumes/PERL/invites/Session1/Flushed_samples/Analyzed/6_Fs_07_dry/slice00759.tif
6-fs-08,flushed,760,0.00450015,Session1,/Volumes/PERL/invites/Session1/Flushed_samples/Analyzed/6_Fs_08/slice00760.tif
6-fs-09,flushed,849,0.00388899,Session1,/Volumes/PERL/invites/Session1/Flushed_samples/Analyzed/6_Fs_09/slice00849.tif
6-fs-10,flushed,759,0.00367326,Session1,/Volumes/PERL/invites/Session1/Flushed_samples/Analyzed/6_Fs_10/slice00759.tif
6-fs-11,flushed,735,0.00367332,Session1,/Volumes/PERL/invites/Session1/Flushed_samples/Analyzed/6_Fs_11/slice00735.tif
6-fs-12,flushed,458,0.00450011,Session1,/Volumes/PERL/invites/Session1/Flushed_samples/Analyzed/6_Fs_12/slice00458.tif
6-qi-08,flushed,781,0.00700683,Session1,/Volumes/PERL/invites/Session1/Flushed_samples/Analyzed/6_Qi_08/slice00781.tif
6-qi-12,flushed,767,0.00450007,Session1,/Volumes/PERL/invites/Session1/Flushed_samples/Analyzed/6_Qi_12_dry/slice00767.tif
6-qp-07,flushed,797,0.0036731999999999997,Session1,/Volumes/PERL/invites/Session1/Flushed_samples/Analyzed/6_Qp_07/slice00797.tif
6-qp-09,flushed,783,0.00419966,Session1,/Volumes/PERL/invites/Session1/Flushed_samples/Analyzed/6_Qp_09/slice00783.tif
6-qp-10,flushed,801,0.00388899,Session1,/Volumes/PERL/invites/Session1/Flushed_samples/6_Qp_10/slice00801.tif
6-qp-12,flushed,773,0.00388897,Session1,/Volumes/PERL/invites/Session1/Flushed_samples/Analyzed/6_Qp_12/slice00773.tif
1-fs-13,living,789,0.0077694999999999995,Session2,/Volumes/PERL/invites/Session2/Living_Plants/Analyzed/1-fs-13/slice00789.tif
1-fs-14,living,799,0.00696455,Session2,/Volumes/PERL/invites/Session2/Living_Plants/Analyzed/1-fs-14/slice00799.tif
1-fs-15,living,787,0.00657391,Session2,/Volumes/PERL/invites/Session2/Living_Plants/Analyzed/1-fs-15/slice00787.tif
1-fs-16,living,801,0.00690208,Session2,/Volumes/PERL/invites/Session2/Living_Plants/Analyzed/1-fs-16/slice00801.tif
1-fs-17,living,792,0.00696435,Session2,/Volumes/PERL/invites/Session2/Living_Plants/Analyzed/1-fs-17/slice00792.tif
1-fs-18,living,859,0.00657458,Session2,/Volumes/PERL/invites/Session2/Living_Plants/Analyzed/1-fs-18/slice00859.tif
1-qi-14,living,796,0.00578688,Session2,/Volumes/PERL/invites/Session2/Living_Plants/Analyzed/1-qi-14/slice00796.tif
1-qi-15,living,774,0.00641768,Session2,/Volumes/PERL/invites/Session2/Living_Plants/Analyzed/1-qi-15/slice00774.tif
1-qi-16,living,792,0.00691645,Session2,/Volumes/PERL/invites/Session2/Living_Plants/Analyzed/1-qi-16/slice00792.tif
1-qi-18,living,773,0.00613521,Session2,/Volumes/PERL/invites/Session2/Living_Plants/Analyzed/1-qi-18/slice00773.tif
1-qp-13,living,839,0.00756472,Session2,/Volumes/PERL/invites/Session2/Living_Plants/Analyzed/1-qp-13/slice00839.tif
1-qp-14,living,794,0.00648783,Session2,/Volumes/PERL/invites/Session2/Living_Plants/Analyzed/1-qp-14/slice00794.tif
1-qp-15,living,850,0.00719925,Session2,/Volumes/PERL/invites/Session2/Living_Plants/Analyzed/1-qp-15/slice00850.tif
1-qp-16,living,967,0.00696371,Session2,/Volumes/PERL/invites/Session2/Living_Plants/Analyzed/1-qp-16/slice00967.tif
1-qp-17,living,799,0.00665112,Session2,/Volumes/PERL/invites/Session2/Living_Plants/Analyzed/1-qp-17/slice00799.tif
1-qp-18,living,798,0.00658738,Session2,/Volumes/PERL/invites/Session2/Living_Plants/Analyzed/1-qp-18/slice00798.tif
2-fs-13,living,768,0.00719982,Session2,/Volumes/PERL/invites/Session2/Living_Plants/Analyzed/2-fs-13/slice00768.tif
2-fs-14,living,1109,0.00705873,Session2,/Volumes/PERL/invites/Session2/Living_Plants/Analyzed/2-fs-14/slice01109.tif
2-fs-16,living,795,0.00657443,Session2,/Volumes/PERL/invites/Session2/Living_Plants/Analyzed/2-fs-16/slice00795.tif
2-fs-17,living,753,0.00705873,Session2,/Volumes/PERL/invites/Session2/Living_Plants/Analyzed/2-fs-17/slice00753.tif
2-fs-18,living,798,0.00657405,Session2,/Volumes/PERL/invites/Session2/Living_Plants/Analyzed/2-fs-18/slice00798.tif
2-qi-14,living,746,0.00648871,Session2,/Volumes/PERL/invites/Session2/Living_Plants/Analyzed/2-qi-14/slice00746.tif
2-qi-15,living,794,0.00691665,Session2,/Volumes/PERL/invites/Session2/Living_Plants/Analyzed/2-qi-15/slice00794.tif
2-qi-16,living,724,0.006915,Session2,/Volumes/PERL/invites/Session2/Living_Plants/Analyzed/2-qi-16/slice00724.tif
2-qi-18,living,772,0.00600018,Session2,/Volumes/PERL/invites/Session2/Living_Plants/Analyzed/2-qi-18/slice00772.tif
2-qp-13,living,797,0.00690114,Session2,/Volumes/PERL/invites/Session2/Living_Plants/Analyzed/2-qp-13/slice00797.tif
2-qp-14,living,966,0.00623252,Session2,/Volumes/PERL/invites/Session2/Living_Plants/Analyzed/2-qp-14/slice00966.tif
2-qp-15,living,795,0.00657383,Session2,/Volumes/PERL/invites/Session2/Living_Plants/Analyzed/2-qp-15/slice00795.tif
2-qp-16,living,799,0.00658699,Session2,/Volumes/PERL/invites/Session2/Living_Plants/Analyzed/2-qp-16/slice00799.tif
2-qp-17,living,871,0.00799483,Session2,/Volumes/PERL/invites/Session2/Living_Plants/Analyzed/2-qp-17/slice00871.tif
2-qp-18,living,991,0.00696277,Session2,/Volumes/PERL/invites/Session2/Living_Plants/Analyzed/2-qp-18/slice00991.tif
3-fs-13,living,785,0.00627555,Session2,/Volumes/PERL/invites/Session2/Living_Plants/Analyzed/3-fs-13/slice00785.tif
3-fs-14,living,776,0.00660474,Session2,/Volumes/PERL/invites/Session2/Living_Plants/Analyzed/3-fs-14/slice00776.tif
3-fs-15,living,793,0.00619246,Session2,/Volumes/PERL/invites/Session2/Living_Plants/Analyzed/3-fs-15/slice00793.tif
3-fs-16,living,800,0.00649635,Session2,/Volumes/PERL/invites/Session2/Living_Plants/Analyzed/3-fs-16/slice00800.tif
3-fs-17,living,791,0.00605496,Session2,/Volumes/PERL/invites/Session2/Living_Plants/Analyzed/3-fs-17/slice00791.tif
3-fs-18,living,795,0.00642609,Session2,/Volumes/PERL/invites/Session2/Living_Plants/Analyzed/3-fs-18/slice00795.tif
3-qi-13,living,788,0.00575805,Session2,/Volumes/PERL/invites/Session2/Living_Plants/Analyzed/3-qi-13/slice00788.tif
3-qi-14,living,770,0.00575749,Session2,/Volumes/PERL/invites/Session2/Living_Plants/Analyzed/3-qi-14/slice00770.tif
3-qi-15,living,944,0.00549218,Session2,/Volumes/PERL/invites/Session2/Living_Plants/Analyzed/3-qi-15/slice00944.tif
3-qi-16,living,760,0.00607008,Session2,/Volumes/PERL/invites/Session2/Living_Plants/Analyzed/3-qi-16/slice00760.tif
3-qi-17,living,791,0.00663313,Session2,/Volumes/PERL/invites/Session2/Living_Plants/Analyzed/3-qi-17/slice00791.tif
3-qi-18,living,806,0.00622194,Session2,/Volumes/PERL/invites/Session2/Living_Plants/Analyzed/3-qi-18/slice00806.tif
3-qp-13,living,796,0.00623074,Session2,/Volumes/PERL/invites/Session2/Living_Plants/Analyzed/3-qp-13/slice00796.tif
3-qp-14,living,899,0.00880002,Session2,/Volumes/PERL/invites/Session2/Living_Plants/Analyzed/3-qp-14/slice00899.tif
3-qp-15,living,799,0.00664952,Session2,/Volumes/PERL/invites/Session2/Living_Plants/Analyzed/3-qp-15/slice00799.tif
3-qp-16,living,795,0.00663255,Session2,/Volumes/PERL/invites/Session2/Living_Plants/Analyzed/3-qp-16/slice00795.tif
3-qp-17,living,771,0.00623239,Session2,/Volumes/PERL/invites/Session2/Living_Plants/Analyzed/3-qp-17/slice00771.tif
3-qp-18,living,808,0.00588344,Session2,/Volumes/PERL/invites/Session2/Living_Plants/Analyzed/3-qp-18/slice00808.tif
4-fs-13,living,796,0.00644998,Session2,/Volumes/PERL/invites/Session2/Living_Plants/Analyzed/4-fs-13/slice00796.tif
4-fs-14,living,963,0.00719925,Session2,/Volumes/PERL/invites/Session2/Living_Plants/Analyzed/4-fs-14/slice00963.tif
4-fs-15,living,794,0.00670419,Session2,/Volumes/PERL/invites/Session2/Living_Plants/Analyzed/4-fs-15/slice00794.tif
4-fs-16,living,799,0.00696465,Session2,/Volumes/PERL/invites/Session2/Living_Plants/Analyzed/4-fs-16/slice00799.tif
4-fs-17,living,843,0.00609222,Session2,/Volumes/PERL/invites/Session2/Living_Plants/Analyzed/4-fs-17/slice00843.tif
4-fs-18,living,796,0.00644998,Session2,/Volumes/PERL/invites/Session2/Living_Plants/Analyzed/4-fs-18/slice00796.tif
4-qi-13,living,800,0.00688131,Session2,/Volumes/PERL/invites/Session2/Living_Plants/Analyzed/4-qi-13/slice00800.tif
4-qi-14,living,787,0.00469292,Session2,/Volumes/PERL/invites/Session2/Living_Plants/Analyzed/4-qi-14/slice00787.tif
4-qi-15,living,772,0.00591113,Session2,/Volumes/PERL/invites/Session2/Living_Plants/Analyzed/4-qi-15/slice00772.tif
4-qi-16,living,781,0.00772779,Session2,/Volumes/PERL/invites/Session2/Living_Plants/Analyzed/4-qi-16/slice00781.tif
4-qi-17,living,789,0.0061326,Session2,/Volumes/PERL/invites/Session2/Living_Plants/Analyzed/4-qi-17/slice00789.tif
4-qp-13,living,797,0.00653708,Session2,/Volumes/PERL/invites/Session2/Living_Plants/Analyzed/4-qp-13/slice00797.tif
4-qp-14,living,905,0.00772736,Session2,/Volumes/PERL/invites/Session2/Living_Plants/Analyzed/4-qp-14/slice00905.tif
4-qp-15,living,834,0.00632314,Session2,/Volumes/PERL/invites/Session2/Living_Plants/Analyzed/4-qp-15/slice00834.tif
4-qp-16,living,812,0.00632308,Session2,/Volumes/PERL/invites/Session2/Living_Plants/Analyzed/4-qp-16/slice00812.tif
4-qp-17,living,798,0.00696392,Session2,/Volumes/PERL/invites/Session2/Living_Plants/Analyzed/4-qp-17/slice00798.tif
4-qp-18,living,777,0.00696432,Session2,/Volumes/PERL/invites/Session2/Living_Plants/Analyzed/4-qp-18/slice00777.tif
5-fs-13,living,799,0.00606355,Session2,/Volumes/PERL/invites/Session2/Living_Plants/Analyzed/5-fs-13/slice00799.tif
5-fs-14,living,800,0.00697522,Session2,/Volumes/PERL/invites/Session2/Living_Plants/Analyzed/5-fs-14/slice00800.tif
5-fs-15,living,740,0.0074935,Session2,/Volumes/PERL/invites/Session2/Living_Plants/Analyzed/5-fs-15/slice00740.tif
5-fs-16,living,798,0.00705824,Session2,/Volumes/PERL/invites/Session2/Living_Plants/Analyzed/5-fs-16/slice00798.tif
5-fs-17,living,1011,0.00607572,Session2,/Volumes/PERL/invites/Session2/Living_Plants/Analyzed/5-fs-17/slice01011.tif
5-fs-18,living,798,0.00644968,Session2,/Volumes/PERL/invites/Session2/Living_Plants/Analyzed/5-fs-18/slice00798.tif
5-qi-13,living,800,0.00644954,Session2,/Volumes/PERL/invites/Session2/Living_Plants/Analyzed/5-qi-13/slice00800.tif
5-qi-14,living,799,0.00678663,Session2,/Volumes/PERL/invites/Session2/Living_Plants/Analyzed/5-qi-14/slice00799.tif
5-qi-15,living,798,0.00580241,Session2,/Volumes/PERL/invites/Session2/Living_Plants/Analyzed/5-qi-15/slice00798.tif
5-qi-16,living,795,0.00632372,Session2,/Volumes/PERL/invites/Session2/Living_Plants/Analyzed/5-qi-16/slice00795.tif
5-qi-17,living,798,0.00561088,Session2,/Volumes/PERL/invites/Session2/Living_Plants/Analyzed/5-qi-17/slice00798.tif
5-qi-18,living,792,0.00553307,Session2,/Volumes/PERL/invites/Session2/Living_Plants/Analyzed/5-qi-18/slice00792.tif
5-qp-13,living,799,0.00567358,Session2,/Volumes/PERL/invites/Session2/Living_Plants/Analyzed/5-qp-13/slice00799.tif
5-qp-15,living,800,0.00607491,Session2,/Volumes/PERL/invites/Session2/Living_Plants/Analyzed/5-qp-15/slice00800.tif
5-qp-16,living,797,0.00644958,Session2,/Volumes/PERL/invites/Session2/Living_Plants/Analyzed/5-qp-16/slice00797.tif
5-qp-17,living,756,0.00616628,Session2,/Volumes/PERL/invites/Session2/Living_Plants/Analyzed/5-qp-17/slice00756.tif
5-qp-18,living,805,0.00639809,Session2,/Volumes/PERL/invites/Session2/Living_Plants/Analyzed/5-qp-18/slice00805.tif
6-fs-13,living,801,0.00688188,Session2,/Volumes/PERL/invites/Session2/Living_Plants/Analyzed/6-fs-13/slice00801.tif
6-fs-14,living,799,0.00724465,Session2,/Volumes/PERL/invites/Session2/Living_Plants/Analyzed/6-fs-14/slice00799.tif
6-fs-15,living,794,0.0062621000000000005,Session2,/Volumes/PERL/invites/Session2/Living_Plants/Analyzed/6-fs-15/slice00794.tif
6-fs-16,living,760,0.007371600000000001,Session2,/Volumes/PERL/invites/Session2/Living_Plants/Analyzed/6-fs-16/slice00760.tif
6-fs-17,living,793,0.00605504,Session2,/Volumes/PERL/invites/Session2/Living_Plants/Analyzed/6-fs-17/slice00793.tif
6-fs-18,living,1415,0.00645004,Session2,/Volumes/PERL/invites/Session2/Living_Plants/Analyzed/6-fs-18/slice01415.tif
6-qi-13,living,775,0.00614993,Session2,/Volumes/PERL/invites/Session2/Living_Plants/Analyzed/6-qi-13/slice00775.tif
6-qi-14,living,740,0.00632262,Session2,/Volumes/PERL/invites/Session2/Living_Plants/Analyzed/6-qi-14/slice00740.tif
6-qi-15,living,795,0.00633432,Session2,/Volumes/PERL/invites/Session2/Living_Plants/Analyzed/6-qi-15/slice00795.tif
6-qi-16,living,1025,0.00679365,Session2,/Volumes/PERL/invites/Session2/Living_Plants/Analyzed/6-qi-16/slice01025.tif
6-qi-17,living,751,0.00719968,Session2,/Volumes/PERL/invites/Session2/Living_Plants/Analyzed/6-qi-17/slice00751.tif
6-qi-18,living,786,0.0062623,Session2,/Volumes/PERL/invites/Session2/Living_Plants/Analyzed/6-qi-18/slice00786.tif
6-qp-13,living,799,0.00567364,Session2,/Volumes/PERL/invites/Session2/Living_Plants/Analyzed/6-qp-13/slice00799.tif
6-qp-16,living,800,0.00609222,Session2,/Volumes/PERL/invites/Session2/Living_Plants/Analyzed/6-qp-16/slice00800.tif
6-qp-18,living,795,0.006964,Session2,/Volumes/PERL/invites/Session2/Living_Plants/Analyzed/6-qp-18/slice00795.tif
1-fs-13,flushed,1336,0.00416598,Session2,/Volumes/PERL/invites/Session2/Flushed_samples/Analyzed/1-fs-13/slice01336.tif
1-fs-14,flushed,799,0.00621188,Session2,/Volumes/PERL/invites/Session2/Flushed_samples/Analyzed/1-fs-14/slice00799.tif
1-fs-15,flushed,793,0.00432393,Session2,/Volumes/PERL/invites/Session2/Flushed_samples/Analyzed/1-fs-15/slice00793.tif
1-fs-16,flushed,794,0.00416539,Session2,/Volumes/PERL/invites/Session2/Flushed_samples/Analyzed/1-fs-16/slice00794.tif
1-fs-17,flushed,790,0.004869699999999999,Session2,/Volumes/PERL/invites/Session2/Flushed_samples/Analyzed/1-fs-17/slice00790.tif
1-fs-18,flushed,788,0.00560778,Session2,/Volumes/PERL/invites/Session2/Flushed_samples/Analyzed/1-fs-18/slice00788.tif
1-qi-14,flushed,795,0.00385391,Session2,/Volumes/PERL/invites/Session2/Flushed_samples/Analyzed/1-qi-14/slice00795.tif
1-qi-15,flushed,800,0.00385398,Session2,/Volumes/PERL/invites/Session2/Flushed_samples/Analyzed/1-qi-15/slice00800.tif
1-qi-16,flushed,1525,0.00385392,Session2,/Volumes/PERL/invites/Session2/Flushed_samples/Analyzed/1-qi-16/slice01525.tif
1-qi-18,flushed,797,0.00385397,Session2,/Volumes/PERL/invites/Session2/Flushed_samples/Analyzed/1-qi-18/slice00797.tif
1-qp-13,flushed,799,0.0048102,Session2,/Volumes/PERL/invites/Session2/Flushed_samples/Analyzed/1-qp-13/slice00799.tif
1-qp-14,flushed,784,0.00565323,Session2,/Volumes/PERL/invites/Session2/Flushed_samples/Analyzed/1-qp-14/slice00784.tif
1-qp-15,flushed,799,0.0048698,Session2,/Volumes/PERL/invites/Session2/Flushed_samples/Analyzed/1-qp-15/slice00799.tif
1-qp-16,flushed,797,0.00447901,Session2,/Volumes/PERL/invites/Session2/Flushed_samples/Analyzed/1-qp-16/slice00797.tif
1-qp-17,flushed,785,0.00565327,Session2,/Volumes/PERL/invites/Session2/Flushed_samples/Analyzed/1-qp-17/slice00785.tif
1-qp-18,flushed,792,0.00481025,Session2,/Volumes/PERL/invites/Session2/Flushed_samples/Analyzed/1-qp-18/slice00792.tif
2-fs-13,flushed,799,0.00481025,Session2,/Volumes/PERL/invites/Session2/Flushed_samples/Analyzed/2-fs-13/slice00799.tif
2-fs-14,flushed,1081,0.00481023,Session2,/Volumes/PERL/invites/Session2/Flushed_samples/Analyzed/2-fs-14/slice01081.tif
2-fs-16,flushed,799,0.00604777,Session2,/Volumes/PERL/invites/Session2/Flushed_samples/Analyzed/2-fs-16/slice00799.tif
2-fs-17,flushed,924,0.00481027,Session2,/Volumes/PERL/invites/Session2/Flushed_samples/Analyzed/2-fs-17/slice00924.tif
2-fs-18,flushed,794,0.0056078000000000005,Session2,/Volumes/PERL/invites/Session2/Flushed_samples/Analyzed/2-fs-18/slice00794.tif
2-qi-14,flushed,893,0.00385396,Session2,/Volumes/PERL/invites/Session2/Flushed_samples/Analyzed/2-qi-14/slice00893.tif
2-qi-15,flushed,794,0.00385389,Session2,/Volumes/PERL/invites/Session2/Flushed_samples/Analyzed/2-qi-15/slice00794.tif
2-qi-16,flushed,798,0.00385391,Session2,/Volumes/PERL/invites/Session2/Flushed_samples/Analyzed/2-qi-16/slice00798.tif
2-qi-17,flushed,800,0.00385395,Session2,/Volumes/PERL/invites/Session2/Flushed_samples/Analyzed/2-qi-17/slice00800.tif
2-qi-18,flushed,789,0.00385392,Session2,/Volumes/PERL/invites/Session2/Flushed_samples/Analyzed/2-qi-18/slice00789.tif
2-qp-13,flushed,805,0.00470469,Session2,/Volumes/PERL/invites/Session2/Flushed_samples/Analyzed/2-qp-13/slice00805.tif
2-qp-14,flushed,935,0.00521507,Session2,/Volumes/PERL/invites/Session2/Flushed_samples/Analyzed/2-qp-14/slice00935.tif
2-qp-15,flushed,890,0.00604781,Session2,/Volumes/PERL/invites/Session2/Flushed_samples/Analyzed/2-qp-15/slice00890.tif
2-qp-16,flushed,880,0.00565326,Session2,/Volumes/PERL/invites/Session2/Flushed_samples/Analyzed/2-qp-16/slice00880.tif
2-qp-17,flushed,795,0.00473781,Session2,/Volumes/PERL/invites/Session2/Flushed_samples/Analyzed/2-qp-17/slice00795.tif
2-qp-18,flushed,797,0.004479,Session2,/Volumes/PERL/invites/Session2/Flushed_samples/Analyzed/2-qp-18/slice00797.tif
3-fs-13,flushed,799,0.00604775,Session2,/Volumes/PERL/invites/Session2/Flushed_samples/Analyzed/3-fs-13/slice00799.tif
3-fs-14,flushed,805,0.00500957,Session2,/Volumes/PERL/invites/Session2/Flushed_samples/Analyzed/3-fs-14/slice00805.tif
3-fs-15,flushed,799,0.00432388,Session2,/Volumes/PERL/invites/Session2/Flushed_samples/Analyzed/3-fs-15/slice00799.tif
3-fs-16,flushed,796,0.00604784,Session2,/Volumes/PERL/invites/Session2/Flushed_samples/Analyzed/3-fs-16/slice00796.tif
3-fs-17,flushed,802,0.00604784,Session2,/Volumes/PERL/invites/Session2/Flushed_samples/Analyzed/3-fs-17/slice00802.tif
3-fs-18,flushed,792,0.00524692,Session2,/Volumes/PERL/invites/Session2/Flushed_samples/Analyzed/3-fs-18/slice00792.tif
3-qi-13,flushed,800,0.00385386,Session2,/Volumes/PERL/invites/Session2/Flushed_samples/Analyzed/3-qi-13/slice00800.tif
3-qi-14,flushed,800,0.00385394,Session2,/Volumes/PERL/invites/Session2/Flushed_samples/Analyzed/3-qi-14/slice00800.tif
3-qi-15,flushed,805,0.00385393,Session2,/Volumes/PERL/invites/Session2/Flushed_samples/Analyzed/3-qi-15/slice00805.tif
3-qi-16,flushed,796,0.00385392,Session2,/Volumes/PERL/invites/Session2/Flushed_samples/Analyzed/3-qi-16/slice00796.tif
3-qi-17,flushed,805,0.00356345,Session2,/Volumes/PERL/invites/Session2/Flushed_samples/Analyzed/3-qi-17/slice00805.tif
3-qi-18,flushed,799,0.00342747,Session2,/Volumes/PERL/invites/Session2/Flushed_samples/Analyzed/3-qi-18/slice00799.tif
3-qp-13,flushed,799,0.00433663,Session2,/Volumes/PERL/invites/Session2/Flushed_samples/Analyzed/3-qp-13/slice00799.tif
3-qp-14,flushed,800,0.00473784,Session2,/Volumes/PERL/invites/Session2/Flushed_samples/Analyzed/3-qp-14/slice00800.tif
3-qp-15,flushed,797,0.00649813,Session2,/Volumes/PERL/invites/Session2/Flushed_samples/Analyzed/3-qp-15/slice00797.tif
3-qp-16,flushed,801,0.00432398,Session2,/Volumes/PERL/invites/Session2/Flushed_samples/Analyzed/3-qp-16/slice00801.tif
3-qp-17,flushed,813,0.00463756,Session2,/Volumes/PERL/invites/Session2/Flushed_samples/Analyzed/3-qp-17/slice00813.tif
3-qp-18,flushed,805,0.00380611,Session2,/Volumes/PERL/invites/Session2/Flushed_samples/Analyzed/3-qp-18/slice00805.tif
4-fs-13,flushed,797,0.00567455,Session2,/Volumes/PERL/invites/Session2/Flushed_samples/Analyzed/4-fs-13/slice00797.tif
4-fs-14,flushed,861,0.00486978,Session2,/Volumes/PERL/invites/Session2/Flushed_samples/Analyzed/4-fs-14/slice00861.tif
4-fs-15,flushed,802,0.00481024,Session2,/Volumes/PERL/invites/Session2/Flushed_samples/Analyzed/4-fs-15/slice00802.tif
4-fs-16,flushed,795,0.00486985,Session2,/Volumes/PERL/invites/Session2/Flushed_samples/Analyzed/4-fs-16/slice00795.tif
4-fs-17,flushed,800,0.00505022,Session2,/Volumes/PERL/invites/Session2/Flushed_samples/Analyzed/4-fs-17/slice00800.tif
4-fs-18,flushed,799,0.00645053,Session2,/Volumes/PERL/invites/Session2/Flushed_samples/Analyzed/4-fs-18/slice00799.tif
4-qi-13,flushed,800,0.00338838,Session2,/Volumes/PERL/invites/Session2/Flushed_samples/Analyzed/4-qi-13/slice00800.tif
4-qi-14,flushed,799,0.00469292,Session2,/Volumes/PERL/invites/Session2/Flushed_samples/Analyzed/4-qi-14/slice00799.tif
4-qi-15,flushed,786,0.00390649,Session2,/Volumes/PERL/invites/Session2/Flushed_samples/Analyzed/4-qi-15/slice00786.tif
4-qi-16,flushed,799,0.00286276,Session2,/Volumes/PERL/invites/Session2/Flushed_samples/Analyzed/4-qi-16/slice00799.tif
4-qi-17,flushed,799,0.00470482,Session2,/Volumes/PERL/invites/Session2/Flushed_samples/Analyzed/4-qi-17/slice00799.tif
4-qp-13,flushed,785,0.00443289,Session2,/Volumes/PERL/invites/Session2/Flushed_samples/Analyzed/4-qp-13/slice00785.tif
4-qp-14,flushed,794,0.00506266,Session2,/Volumes/PERL/invites/Session2/Flushed_samples/Analyzed/4-qp-14/slice00794.tif
4-qp-15,flushed,1153,0.0040574,Session2,/Volumes/PERL/invites/Session2/Flushed_samples/Analyzed/4-qp-15/slice01153.tif
4-qp-16,flushed,1037,0.00405741,Session2,/Volumes/PERL/invites/Session2/Flushed_samples/Analyzed/4-qp-16/slice01037.tif
4-qp-17,flushed,795,0.00485276,Session2,/Volumes/PERL/invites/Session2/Flushed_samples/Analyzed/4-qp-17/slice00795.tif
4-qp-18,flushed,1090,0.0048698,Session2,/Volumes/PERL/invites/Session2/Flushed_samples/Analyzed/4-qp-18/slice01090.tif
5-fs-13,flushed,924,0.0056746,Session2,/Volumes/PERL/invites/Session2/Flushed_samples/Analyzed/5-fs-13/slice00924.tif
5-fs-14,flushed,796,0.00531894,Session2,/Volumes/PERL/invites/Session2/Flushed_samples/Analyzed/5-fs-14/slice00796.tif
5-fs-15,flushed,805,0.00470478,Session2,/Volumes/PERL/invites/Session2/Flushed_samples/Analyzed/5-fs-15/slice00805.tif
5-fs-16,flushed,791,0.00481026,Session2,/Volumes/PERL/invites/Session2/Flushed_samples/Analyzed/5-fs-16/slice00791.tif
5-fs-17,flushed,798,0.0040473,Session2,/Volumes/PERL/invites/Session2/Flushed_samples/Analyzed/5-fs-17/slice00798.tif
5-fs-18,flushed,800,0.00567457,Session2,/Volumes/PERL/invites/Session2/Flushed_samples/Analyzed/5-fs-18/slice00800.tif
5-qi-13,flushed,796,0.00531899,Session2,/Volumes/PERL/invites/Session2/Flushed_samples/Analyzed/5-qi-13/slice00796.tif
5-qi-14,flushed,796,0.00380609,Session2,/Volumes/PERL/invites/Session2/Flushed_samples/Analyzed/5-qi-14/slice00796.tif
5-qi-15,flushed,795,0.00470471,Session2,/Volumes/PERL/invites/Session2/Flushed_samples/Analyzed/5-qi-15/slice00795.tif
5-qi-16,flushed,799,0.00405746,Session2,/Volumes/PERL/invites/Session2/Flushed_samples/Analyzed/5-qi-16/slice00799.tif
5-qi-17,flushed,798,0.00380613,Session2,/Volumes/PERL/invites/Session2/Flushed_samples/Analyzed/5-qi-17/slice00798.tif
5-qi-18,flushed,794,0.0040574,Session2,/Volumes/PERL/invites/Session2/Flushed_samples/Analyzed/5-qi-18/slice00794.tif
5-qp-13,flushed,800,0.00547049,Session2,/Volumes/PERL/invites/Session2/Flushed_samples/Analyzed/5-qp-13/slice00800.tif
5-qp-15,flushed,800,0.00679413,Session2,/Volumes/PERL/invites/Session2/Flushed_samples/Analyzed/5-qp-15/slice00800.tif
5-qp-16,flushed,798,0.00605798,Session2,/Volumes/PERL/invites/Session2/Flushed_samples/Analyzed/5-qp-16/slice00798.tif
5-qp-17,flushed,979,0.00497073,Session2,/Volumes/PERL/invites/Session2/Flushed_samples/Analyzed/5-qp-17/slice00979.tif
5-qp-18,flushed,798,0.00450664,Session2,/Volumes/PERL/invites/Session2/Flushed_samples/Analyzed/5-qp-18/slice00798.tif
6-fs-13,flushed,799,0.00505026,Session2,/Volumes/PERL/invites/Session2/Flushed_samples/Analyzed/6-fs-13/slice00799.tif
6-fs-14,flushed,803,0.0043238999999999994,Session2,/Volumes/PERL/invites/Session2/Flushed_samples/Analyzed/6-fs-14/slice00803.tif
6-fs-15,flushed,794,0.00531893,Session2,/Volumes/PERL/invites/Session2/Flushed_samples/Analyzed/6-fs-15/slice00794.tif
6-fs-16,flushed,797,0.00495472,Session2,/Volumes/PERL/invites/Session2/Flushed_samples/Analyzed/6-fs-16/slice00797.tif
6-fs-17,flushed,784,0.0043238999999999994,Session2,/Volumes/PERL/invites/Session2/Flushed_samples/Analyzed/6-fs-17/slice00784.tif
6-fs-18,flushed,359,0.0064505,Session2,/Volumes/PERL/invites/Session2/Flushed_samples/Analyzed/6-fs-18/slice00359.tif
6-qi-13,flushed,767,0.004166,Session2,/Volumes/PERL/invites/Session2/Flushed_samples/Analyzed/6-qi-13/slice00767.tif
6-qi-14,flushed,799,0.00405743,Session2,/Volumes/PERL/invites/Session2/Flushed_samples/Analyzed/6-qi-14/slice00799.tif
6-qi-15,flushed,799,0.00405744,Session2,/Volumes/PERL/invites/Session2/Flushed_samples/Analyzed/6-qi-15/slice00799.tif
6-qi-16,flushed,1499,0.00405747,Session2,/Volumes/PERL/invites/Session2/Flushed_samples/Analyzed/6-qi-16/slice01499.tif
6-qi-17,flushed,799,0.00470478,Session2,/Volumes/PERL/invites/Session2/Flushed_samples/Analyzed/6-qi-17/slice00799.tif
6-qi-18,flushed,799,0.00338838,Session2,/Volumes/PERL/invites/Session2/Flushed_samples/Analyzed/6-qi-18/slice00799.tif
6-qp-13,flushed,798,0.00516451,Session2,/Volumes/PERL/invites/Session2/Flushed_samples/Analyzed/6-qp-13/slice00798.tif
6-qp-16,flushed,798,0.00425189,Session2,/Volumes/PERL/invites/Session2/Flushed_samples/Analyzed/6-qp-16/slice00798.tif
6-qp-18,flushed,794,0.00339171,Session2,/Volumes/PERL/invites/Session2/Flushed_samples/Analyzed/6-qp-18/slice00794.tif
